
INSERT INTO SHELVES (ID ,NAME)
VALUES
    ('1', '⏳ Historical Fiction'),
    ('2', '👽 SciFi'),
    ('3', '👻 Metaphysical'),
    ('4', '👩‍💻 Computer Science'),
    ('5', '👁‍🗨 Fiction'),
    ('6', '🎌 Light Novel'),
    ('7', '🚔 Thriller'),
    ('8', '🔮 Fantasy'),
    ('9', '🧘‍♂️ Self-Help'),
    ('10', '🦄 Magical realism'),
    ('11', '♥ Romance'),
    ('12', '🧔 Biography');

insert into books(id, author, title, thumbnail_url, short_description, status, rating, favorite, start_date, finished_date)
values
   ('1', 'Ann Patchett', 'The Dutch House', 'https://i.gr-assets.com/images/S/compressed.photo.goodreads.com/books/1552334367l/44318414.jpg', '', 'read', '4', 'FALSE', '2022-02-12 00:00:00', '2022-02-15 00:00:00'),
    ('2', 'John Ironmonger', 'The many lives of Heloise Starchild', 'https://i.gr-assets.com/images/S/compressed.photo.goodreads.com/books/1579816241l/50637457._SY475_.jpg', '', 'read', '5', 'TRUE', '2022-03-15 00:00:00', '2022-03-18 00:00:00'),
    ('3', 'Peter F. Hamilton', 'Great North Road', 'https://i.gr-assets.com/images/S/compressed.photo.goodreads.com/books/1344371600l/13573419.jpg', '', 'reading', '0', 'FALSE', '2022-02-19 00:00:00', null),
    ('4', 'Emma Donoghue', 'The Pull of the Stars', 'https://i.gr-assets.com/images/S/compressed.photo.goodreads.com/books/1590955516l/53710735._SY475_.jpg', '', 'read', '4', 'FALSE', '2022-03-01 00:00:00', '2022-03-11 00:00:00'),
    ('5', 'Alechia Dow', 'The Sound of Stars', 'https://i.gr-assets.com/images/S/compressed.photo.goodreads.com/books/1581824264l/42185079._SY475_.jpg', '', 'read', '2', 'FALSE', '2022-03-05 00:00:00', '2022-03-26 00:00:00'),
    ('6', 'Rob Hart', 'The Paradox Hotel', 'https://i.gr-assets.com/images/S/compressed.photo.goodreads.com/books/1644067394l/58175765._SY475_.jpg', '', 'read', '3', 'FALSE', '2022-02-28 00:00:00', '2022-03-08 00:00:00'),
    ('7', 'Matt Haig', 'The Humans', 'https://i.gr-assets.com/images/S/compressed.photo.goodreads.com/books/1394426213l/21265230.jpg', '', 'read', '3', 'FALSE', '2022-02-20 00:00:00', '2022-02-24 00:00:00'),
    ('8', 'Adrian Tchaikovsky', 'Shards of Earth', 'https://i.gr-assets.com/images/S/compressed.photo.goodreads.com/books/1622277832l/55278507.jpg', '', 'read', '5', 'FALSE', '2022-01-21 00:00:00', '2022-02-16 00:00:00'),
    ('9', 'Robert Waggoner', 'Lucid Dreaming: Gateway to the Inner Self', 'https://i.gr-assets.com/images/S/compressed.photo.goodreads.com/books/1347483671l/4803306.jpg', '', 'read', '4', 'FALSE', '2021-05-10 00:00:00', '2021-05-31 00:00:00'),
    ('10', 'Clive Thompson', 'De coders', 'https://i.gr-assets.com/images/S/compressed.photo.goodreads.com/books/1559254461l/46066917._SX318_.jpg', '', 'read', '4', 'FALSE', '2020-11-01 00:00:00', '2021-01-20 00:00:00'),
    ('11', 'Sarah Winman', 'Toen God een Konijn Was', 'https://i.gr-assets.com/images/S/compressed.photo.goodreads.com/books/1311418292l/10742686.jpg', '', 'read', '3', 'FALSE', '2021-01-31 00:00:00', '2021-02-15 00:00:00'),
    ('12', 'Adrian Tchaikovsky', 'Cage of Souls', 'https://i.gr-assets.com/images/S/compressed.photo.goodreads.com/books/1547654406l/40803025._SY475_.jpg', '', 'read', '5', 'FALSE', '2021-06-18 00:00:00', '2021-08-07 00:00:00'),
    ('13', 'Liu Cixin', 'Ball Lightning', 'https://i.gr-assets.com/images/S/compressed.photo.goodreads.com/books/1527049517l/32076670.jpg', '', 'read', '1', 'FALSE', '2021-07-08 00:00:00', '2021-08-06 00:00:00'),
    ('14', 'Becky Chambers', 'The Long Way to a Small, Angry Planet', 'https://i.gr-assets.com/images/S/compressed.photo.goodreads.com/books/1405532474l/22733729.jpg', '', 'read', '5', 'FALSE', '2021-08-16 00:00:00', '2021-08-23 00:00:00'),
    ('15', 'Fuse', 'That Time I Got Reincarnated as a Slime, Vol. 9', 'https://i.gr-assets.com/images/S/compressed.photo.goodreads.com/books/1606384774l/53831130._SY475_.jpg', '', 'read', '4', 'FALSE', '2021-10-16 00:00:00', '2021-10-27 00:00:00'),
    ('16', 'Fuse', 'That Time I Got Reincarnated as a Slime, Vol. 8', 'https://i.gr-assets.com/images/S/compressed.photo.goodreads.com/books/1598382959l/49105125._SY475_.jpg', '', 'read', '3', 'FALSE', '2021-10-12 00:00:00', '2021-10-16 00:00:00'),
    ('17', 'Fuse', 'That Time I Got Reincarnated as a Slime, Vol. 7', 'https://i.gr-assets.com/images/S/compressed.photo.goodreads.com/books/1577338988l/46257648._SY475_.jpg', '', 'read', '5', 'FALSE', '2021-09-26 00:00:00', '2021-10-05 00:00:00'),
    ('18', 'Stacy Willingham', 'A Flicker in the Dark', 'https://i.gr-assets.com/images/S/compressed.photo.goodreads.com/books/1621347398l/57693172.jpg', '', 'read', '3', 'FALSE', '2022-02-07 00:00:00', '2022-02-10 00:00:00'),
    ('19', 'Emily St. John Mandel', 'Station Eleven', 'https://i.gr-assets.com/images/S/compressed.photo.goodreads.com/books/1451446835l/20170404._SX318_SY475_.jpg', '', 'read', '5', 'TRUE', '2021-12-07 00:00:00', '2022-01-20 00:00:00'),
    ('20', 'Adrian Tchaikovsky', 'Children of Ruin (Children of Time #2)', 'https://i.gr-assets.com/images/S/compressed.photo.goodreads.com/books/1654469390l/41742154._SY475_.jpg', '', 'read', '4', 'TRUE', '2019-12-02 00:00:00', '2020-03-06 00:00:00'),
    ('21', 'Edgar Rice Burroughs', 'Pirates of Venus (Venus, #1)', 'https://i.gr-assets.com/images/S/compressed.photo.goodreads.com/books/1644464721l/40372._SY475_.jpg', '', 'read', '4', 'FALSE', '2020-04-11 00:00:00', '2020-04-13 00:00:00'),
    ('22', 'Edgar Rice Burroughs', 'Lost on Venus (Venus, #2)', 'https://i.gr-assets.com/images/S/compressed.photo.goodreads.com/books/1537216037l/8687369._SY475_.jpg', '', 'read', '4', 'FALSE', '2020-04-19 00:00:00', '2020-04-25 00:00:00'),
    ('23', 'Edgar Rice Burroughs', 'Carson of Venus (Venus, #3)', 'https://i.gr-assets.com/images/S/compressed.photo.goodreads.com/books/1565558338l/1397224._SY475_.jpg', '', 'read', '5', 'FALSE', '2020-04-26 00:00:00', '2020-04-27 00:00:00'),
    ('24', 'Diana Wynne Jones', 'Howl''s Moving Castle ', 'https://i.gr-assets.com/images/S/compressed.photo.goodreads.com/books/1630502935l/6294._SX318_.jpg', '', 'read', '4', 'FALSE', '2020-04-13 00:00:00', '2020-04-19 00:00:00'),
    ('25', 'Alain de Botton', 'The School of Life: An Emotional Education', 'https://i.gr-assets.com/images/S/compressed.photo.goodreads.com/books/1568273715l/43264830._SY475_.jpg', '', 'read', '3', 'FALSE', '2020-04-22 00:00:00', '2020-05-05 00:00:00'),
    ('26', 'Hugh Howey', 'Wool (Silo #1)', 'https://i.gr-assets.com/images/S/compressed.photo.goodreads.com/books/1388173481l/18626815.jpg', '', 'read', '5', 'FALSE', '2020-04-25 00:00:00', '2020-05-02 00:00:00'),
    ('27', 'Eleanor Catton', 'The Luminaries', 'https://i.gr-assets.com/images/S/compressed.photo.goodreads.com/books/1382431332l/18709559.jpg', '', 'read', '4', 'FALSE', '2020-05-03 00:00:00', '2020-05-14 00:00:00'),
    ('28', 'Elizabeth Macneal', 'The Doll Factory', 'https://i.gr-assets.com/images/S/compressed.photo.goodreads.com/books/1539359836l/38591165._SY475_.jpg', '', 'read', '5', 'FALSE', '2020-05-15 00:00:00', '2020-05-16 00:00:00'),
    ('29', 'Kate Mosse', 'Labyrinth (Languedoc #1)', 'https://i.gr-assets.com/images/S/compressed.photo.goodreads.com/books/1546515370l/14975.jpg', '', 'read', '1', 'FALSE', '2020-05-16 00:00:00', '2020-05-19 00:00:00'),
    ('30', '', 'The Incarnations', 'https://i.gr-assets.com/images/S/compressed.photo.goodreads.com/books/1432498721l/23346714._SY475_.jpg', '', 'read', '5', 'FALSE', '2020-05-19 00:00:00', '2020-05-20 00:00:00'),
    ('31', 'Mary Robinette Kowal', 'The Calculating Stars', 'https://i.gr-assets.com/images/S/compressed.photo.goodreads.com/books/1539850192l/33080122.jpg', '', 'read', '2', 'FALSE', '2020-05-22 00:00:00', '2020-05-28 00:00:00'),
    ('32', 'Imogen Hermes Gowar', 'The Mermaid and Mrs. Hancock', 'https://i.gr-assets.com/images/S/compressed.photo.goodreads.com/books/1520864801l/37678008._SY475_.jpg', '', 'read', '5', 'FALSE', '2020-05-29 00:00:00', '2020-06-09 00:00:00'),
    ('33', 'Eckhart Tolle', 'Oneness With All Life', 'https://i.gr-assets.com/images/S/compressed.photo.goodreads.com/books/1388184151l/3822089.jpg', '', 'read', '4', 'FALSE', '2020-06-01 00:00:00', '2020-06-09 00:00:00'),
    ('34', 'Eckhart Tolle', 'Gateways to Now', 'https://i.gr-assets.com/images/S/compressed.photo.goodreads.com/books/1388337205l/379814.jpg', '', 'read', '5', 'FALSE', '2020-06-03 00:00:00', '2020-06-03 00:00:00'),
    ('35', 'David Wilcock', 'Awakening in the Dream: Contact with the Divine', 'https://i.gr-assets.com/images/S/compressed.photo.goodreads.com/books/1544481531l/33607641.jpg', '', 'read', '2', 'FALSE', '2020-06-11 00:00:00', '2020-06-21 00:00:00'),
    ('36', 'Gay Hendricks', 'Conscious Luck', 'https://i.gr-assets.com/images/S/compressed.photo.goodreads.com/books/1588108842l/51174980._SY475_.jpg', '', 'read', '3', 'FALSE', '2020-07-10 00:00:00', '2020-07-11 00:00:00'),
    ('37', 'Peter F. Hamilton', 'Salvation (Salvation Sequence #1)', 'https://i.gr-assets.com/images/S/compressed.photo.goodreads.com/books/1518190008l/34068552._SY475_.jpg', '', 'read', '3', 'FALSE', '2020-07-17 00:00:00', '2020-07-17 00:00:00'),
    ('38', 'Neale Donald Walsch', 'Conversations with god #1', 'https://i.gr-assets.com/images/S/compressed.photo.goodreads.com/books/1347930919l/864426.jpg', '', 'read', '5', 'FALSE', '2020-08-06 00:00:00', '2020-08-11 00:00:00'),
    ('39', 'Alain de Botton', 'Too Much and Never Enough', 'https://i.gr-assets.com/images/S/compressed.photo.goodreads.com/books/1592290619l/54114950._SY475_.jpg', '', 'read', '5', 'FALSE', '2020-08-11 00:00:00', '2020-09-02 00:00:00'),
    ('40', 'Karen Thompson Walker', 'The Dreamers', 'https://i.gr-assets.com/images/S/compressed.photo.goodreads.com/books/1533916399l/34409176._SY475_.jpg', '', 'read', '4', 'FALSE', '2022-02-16 00:00:00', '2022-02-18 00:00:00'),
    ('41', 'Christopher Paolini', 'To Sleep in a Sea of Stars', 'https://i.gr-assets.com/images/S/compressed.photo.goodreads.com/books/1583523112l/48829708.jpg', '', 'reading', '0', 'FALSE', '2022-04-18 00:00:00', null),
    ('42', 'Peter F. Hamilton', 'Salvation Lost (Salvation Sequence #2)', 'https://i.gr-assets.com/images/S/compressed.photo.goodreads.com/books/1573579704l/44020966._SY475_.jpg', '', 'to read', '0', 'FALSE', null, null),
    ('43', 'Neal Stephenson', 'Seveneves ', 'https://i.gr-assets.com/images/S/compressed.photo.goodreads.com/books/1449142000l/22816087.jpg', '', 'to read', '2', 'FALSE', '2021-11-28 00:00:00', '2021-12-29 00:00:00'),
    ('44', 'Fuse', 'That Time I Got Reincarnated as a Slime Light Novels, Vol. 10', 'https://i.gr-assets.com/images/S/compressed.photo.goodreads.com/books/1613061282l/55068139._SY475_.jpg', '', 'on hold', '0', 'FALSE', '2021-10-27 00:00:00', null),
    ('45', 'Sadhguru', 'Inner Engineering', 'https://i.gr-assets.com/images/S/compressed.photo.goodreads.com/books/1484851488l/29513878._SX318_.jpg', '', 'on hold', '0', 'FALSE', '2021-03-08 00:00:00', null),
    ('46', 'Brian Christian', 'Algorithms to Live By', 'https://i.gr-assets.com/images/S/compressed.photo.goodreads.com/books/1454296875l/25666050.jpg', '', 'on hold', '0', 'FALSE', null, null),
    ('47', 'Heather O''Neill', 'Hotel Lonely Hear', 'https://i.gr-assets.com/images/S/compressed.photo.goodreads.com/books/1484220080l/30201327._SY475_.jpg', '', 'on hold', '0', 'FALSE', null, null),
    ('48', 'Vadim Zeland', 'Reality Transurfing', 'https://i.gr-assets.com/images/S/compressed.photo.goodreads.com/books/1439736454l/23929658._SY475_.jpg', '', 'on hold', '0', 'FALSE', '2020-07-22 00:00:00', null),
    ('49', 'N.K. Jemisin', 'The Fifth Season (The Broken Earth, #1)', 'https://i.gr-assets.com/images/S/compressed.photo.goodreads.com/books/1386803701l/19161852.jpg', '', 'on hold', '0', 'FALSE', '2020-09-27 00:00:00', null),
    ('51', 'Axie Oh', 'The Girl Who Fell Beneath the Sea', 'https://i.gr-assets.com/images/S/compressed.photo.goodreads.com/books/1616788834l/56978100.jpg', '', 'read', '4', 'FALSE', '2022-03-16 00:00:00', '2022-03-21 00:00:00'),
    ('52', 'V.E. Schwab', 'The Invisible Life of Addie LaRue', 'https://i.gr-assets.com/images/S/compressed.photo.goodreads.com/books/1592947608l/51029810._SY475_.jpg', '', 'read', '5', 'TRUE', '2022-03-13 00:00:00', '2022-03-28 00:00:00'),
    ('53', 'Erin Morgenstern', 'The Starless Sea', 'https://i.gr-assets.com/images/S/compressed.photo.goodreads.com/books/1617715077l/43575115._SY475_.jpg', '', 'read', '2', 'FALSE', '2022-03-26 00:00:00', '2022-04-01 00:00:00'),
    ('54', 'Anthony Doerr', 'Cloud Cuckoo Land', 'https://i.gr-assets.com/images/S/compressed.photo.goodreads.com/books/1618589128l/56783258._SY475_.jpg', '', 'read', '5', 'FALSE', '2022-03-29 00:00:00', '2022-04-03 00:00:00'),
    ('55', 'Terry Pratchett ', 'The Long War', 'https://i.gr-assets.com/images/S/compressed.photo.goodreads.com/books/1368422103l/17167572.jpg', '', 'read', '3', 'FALSE', '2022-04-02 00:00:00', '2022-04-15 00:00:00'),
    ('56', 'Taylor Jenkins Reid', 'The Seven Husbands of Evelyn Hugo', 'https://i.gr-assets.com/images/S/compressed.photo.goodreads.com/books/1498169036l/32620332._SY475_.jpg', '', 'read', '5', 'TRUE', '2022-04-07 00:00:00', '2022-04-09 00:00:00'),
    ('57', 'Andy Weir', 'Project Hail Mary', 'https://i.gr-assets.com/images/S/compressed.photo.goodreads.com/books/1597695864l/54493401.jpg', '', 'read', '5', 'TRUE', '2022-04-10 00:00:00', '2022-04-16 00:00:00'),
    ('58', 'Lia Louis', 'Dear Emmi Blue', 'https://i.gr-assets.com/images/S/compressed.photo.goodreads.com/books/1579444175l/52761268.jpg', '', 'read', '5', 'FALSE', '2022-04-18 00:00:00', '2022-04-19 00:00:00'),
    ('59', 'Kate Clayborn', 'Love Lettering', 'https://i.gr-assets.com/images/S/compressed.photo.goodreads.com/books/1558904735l/44792512.jpg', '', 'read', '3', 'FALSE', '2022-04-22 00:00:00', '2022-04-23 00:00:00'),
    ('60', 'Jackie van Laren', 'Zin', 'https://i.gr-assets.com/images/S/compressed.photo.goodreads.com/books/1434053871l/25710707.jpg', '', 'read', '4', 'FALSE', '2022-04-23 00:00:00', '2022-05-05 00:00:00'),
    ('61', 'Adrian Tchaikovsky', 'Eyes of the Void', 'https://i.gr-assets.com/images/S/compressed.photo.goodreads.com/books/1641881897l/58950674._SY475_.jpg', '', 'to read', '0', 'FALSE', null, null),
    ('62', 'Jenny Tinghui Zhang', 'four treasures of the sky', 'https://i.gr-assets.com/images/S/compressed.photo.goodreads.com/books/1620715564l/55987334.jpg', '', 'to read', '0', 'FALSE', null, null),
    ('63', 'Marissa Meyer', 'Gilded', 'https://i.gr-assets.com/images/S/compressed.photo.goodreads.com/books/1614276588l/56614597.jpg', '', 'to read', '0', 'FALSE', null, null),
    ('64', 'Rebecca Scherm', 'A House Between Earth and the Moon', 'https://i.gr-assets.com/images/S/compressed.photo.goodreads.com/books/1627652371l/58661987.jpg', '', 'to read', '0', 'FALSE', null, null),
    ('65', 'Beth O''Leary', 'The No-Show', 'https://i.gr-assets.com/images/S/compressed.photo.goodreads.com/books/1637603058l/58678549.jpg', '', 'to read', '0', 'FALSE', null, null),
    ('66', 'Zoë Folbigg', 'The Note', 'https://i.gr-assets.com/images/S/compressed.photo.goodreads.com/books/1506041306l/35648195._SY475_.jpg', '', 'read', '4', 'FALSE', '2022-05-15 00:00:00', '2022-05-16 00:00:00'),
    ('67', 'Lee Min-jin', 'Pachinko', 'https://i.gr-assets.com/images/S/compressed.photo.goodreads.com/books/1501063789l/34335439._SY475_.jpg', '', 'read', '4', 'FALSE', '2022-06-21 00:00:00', '2022-06-30 00:00:00'),
    ('68', 'Stephen Baxter', 'World Engines: Destroyer', 'https://i.gr-assets.com/images/S/compressed.photo.goodreads.com/books/1556003457l/45276063._SX318_.jpg', '', 'reading', '0', 'FALSE', '2022-07-19 00:00:00', null);


insert into shelved_books(books_id, shelves_id)
values
    ('1', '1'),
    ('2', '1'),
    ('2', '2'),
    ('3', '2'),
    ('4', '1'),
    ('5', '11'),
    ('5', '2'),
    ('6', '2'),
    ('7', '2'),
    ('8', '2'),
    ('9', '3'),
    ('10', '4'),
    ('11', '5'),
    ('12', '2'),
    ('13', '2'),
    ('14', '2'),
    ('15', '6'),
    ('16', '6'),
    ('17', '6'),
    ('18', '7'),
    ('19', '2'),
    ('20', '2'),
    ('21', '2'),
    ('22', '2'),
    ('23', '2'),
    ('24', '8'),
    ('25', '9'),
    ('26', '2'),
    ('27', '1'),
    ('28', '1'),
    ('29', '8'),
    ('30', '8'),
    ('31', '1'),
    ('32', '1'),
    ('33', '3'),
    ('34', '3'),
    ('35', '3'),
    ('36', '9'),
    ('37', '2'),
    ('38', '3'),
    ('39', '12'),
    ('40', '2'),
    ('41', '2'),
    ('42', '2'),
    ('43', '2'),
    ('44', '6'),
    ('45', '3'),
    ('46', '4'),
    ('47', '1'),
    ('47', '11'),
    ('48', '3'),
    ('49', '1'),
    ('51', '8'),
    ('52', '10'),
    ('53', '10'),
    ('54', '2'),
    ('54', '1'),
    ('55', '2'),
    ('56', '11'),
    ('57', '2'),
    ('58', '11'),
    ('59', '11'),
    ('60', '11'),
    ('61', '2'),
    ('62', '1'),
    ('63', '8'),
    ('64', '2'),
    ('65', '11'),
    ('66', '11'),
    ('67', '1'),
    ('68', '2')
    ;