
INSERT INTO SHELVES (ID ,NAME)
VALUES
    ('1', '⏳ Historical Fiction'),
    ('2', '👽 SciFi'),
    ('3', '👻 Metaphysical'),
    ('4', '👩‍💻 Computer Science'),
    ('5', '👁‍🗨 Fiction'),
    ('6', '🎌 Light Novel'),
    ('7', '🚔 Thriller'),
    ('8', '🔮 Fantasy'),
    ('9', '🧘‍♂️ Self-Help'),
    ('10', '🦄 Magical realism'),
    ('11', '💕 Romance'),
    ('12', '🧔 Biography');

insert into books(id, author, title, thumbnail_url, status, rating, favorite, start_date, finished_date)
values
   ('1', 'Ann Patchett', 'The Dutch House', 'https://i.gr-assets.com/images/S/compressed.photo.goodreads.com/books/1552334367l/44318414.jpg',  'read', '4', 'FALSE', '2022-02-12 00:00:00', '2022-02-15 00:00:00'),
    ('2', 'John Ironmonger', 'The many lives of Heloise Starchild', 'https://i.gr-assets.com/images/S/compressed.photo.goodreads.com/books/1579816241l/50637457._SY475_.jpg', 'read', '5', 'TRUE', '2022-03-15 00:00:00', '2022-03-18 00:00:00'),
    ('3', 'Peter F. Hamilton', 'Great North Road', 'https://i.gr-assets.com/images/S/compressed.photo.goodreads.com/books/1344371600l/13573419.jpg',  'reading', '0', 'FALSE', '2022-02-19 00:00:00', null),
    ('4', 'Emma Donoghue', 'The Pull of the Stars', 'https://i.gr-assets.com/images/S/compressed.photo.goodreads.com/books/1590955516l/53710735._SY475_.jpg', 'read', '4', 'FALSE', '2022-03-01 00:00:00', '2022-03-11 00:00:00'),
    ('5', 'Alechia Dow', 'The Sound of Stars', 'https://i.gr-assets.com/images/S/compressed.photo.goodreads.com/books/1581824264l/42185079._SY475_.jpg', 'read', '2', 'FALSE', '2022-03-05 00:00:00', '2022-03-26 00:00:00'),
    ('6', 'Rob Hart', 'The Paradox Hotel', 'https://i.gr-assets.com/images/S/compressed.photo.goodreads.com/books/1644067394l/58175765._SY475_.jpg', 'read', '3', 'FALSE', '2022-02-28 00:00:00', '2022-03-08 00:00:00'),
    ('7', 'Matt Haig', 'The Humans', 'https://i.gr-assets.com/images/S/compressed.photo.goodreads.com/books/1394426213l/21265230.jpg',  'read', '3', 'FALSE', '2022-02-20 00:00:00', '2022-02-24 00:00:00'),
    ('8', 'Adrian Tchaikovsky', 'Shards of Earth', 'https://i.gr-assets.com/images/S/compressed.photo.goodreads.com/books/1622277832l/55278507.jpg', 'read', '5', 'FALSE', '2022-01-21 00:00:00', '2022-02-16 00:00:00'),
    ('9', 'Robert Waggoner', 'Lucid Dreaming: Gateway to the Inner Self', 'https://i.gr-assets.com/images/S/compressed.photo.goodreads.com/books/1347483671l/4803306.jpg',  'read', '4', 'FALSE', '2021-05-10 00:00:00', '2021-05-31 00:00:00'),
    ('10', 'Clive Thompson', 'De coders', 'https://i.gr-assets.com/images/S/compressed.photo.goodreads.com/books/1559254461l/46066917._SX318_.jpg', 'read', '4', 'FALSE', '2020-11-01 00:00:00', '2021-01-20 00:00:00'),
    ('11', 'Sarah Winman', 'Toen God een Konijn Was', 'https://i.gr-assets.com/images/S/compressed.photo.goodreads.com/books/1311418292l/10742686.jpg', 'read', '3', 'FALSE', '2021-01-31 00:00:00', '2021-02-15 00:00:00'),
    ('12', 'Adrian Tchaikovsky', 'Cage of Souls', 'https://i.gr-assets.com/images/S/compressed.photo.goodreads.com/books/1547654406l/40803025._SY475_.jpg',  'read', '5', 'FALSE', '2021-06-18 00:00:00', '2021-08-07 00:00:00'),
    ('13', 'Liu Cixin', 'Ball Lightning', 'https://i.gr-assets.com/images/S/compressed.photo.goodreads.com/books/1527049517l/32076670.jpg',  'read', '1', 'FALSE', '2021-07-08 00:00:00', '2021-08-06 00:00:00'),
    ('14', 'Becky Chambers', 'The Long Way to a Small, Angry Planet', 'https://i.gr-assets.com/images/S/compressed.photo.goodreads.com/books/1405532474l/22733729.jpg', 'read', '5', 'FALSE', '2021-08-16 00:00:00', '2021-08-23 00:00:00'),
    ('15', 'Fuse', 'That Time I Got Reincarnated as a Slime, Vol. 9', 'https://i.gr-assets.com/images/S/compressed.photo.goodreads.com/books/1606384774l/53831130._SY475_.jpg',  'read', '4', 'FALSE', '2021-10-16 00:00:00', '2021-10-27 00:00:00'),
    ('16', 'Fuse', 'That Time I Got Reincarnated as a Slime, Vol. 8', 'https://i.gr-assets.com/images/S/compressed.photo.goodreads.com/books/1598382959l/49105125._SY475_.jpg', 'read', '3', 'FALSE', '2021-10-12 00:00:00', '2021-10-16 00:00:00'),
    ('17', 'Fuse', 'That Time I Got Reincarnated as a Slime, Vol. 7', 'https://i.gr-assets.com/images/S/compressed.photo.goodreads.com/books/1577338988l/46257648._SY475_.jpg', 'read', '5', 'FALSE', '2021-09-26 00:00:00', '2021-10-05 00:00:00'),
    ('18', 'Stacy Willingham', 'A Flicker in the Dark', 'https://i.gr-assets.com/images/S/compressed.photo.goodreads.com/books/1621347398l/57693172.jpg',  'read', '3', 'FALSE', '2022-02-07 00:00:00', '2022-02-10 00:00:00'),
    ('19', 'Emily St. John Mandel', 'Station Eleven', 'https://i.gr-assets.com/images/S/compressed.photo.goodreads.com/books/1451446835l/20170404._SX318_SY475_.jpg', 'read', '5', 'TRUE', '2021-12-07 00:00:00', '2022-01-20 00:00:00'),
    ('20', 'Adrian Tchaikovsky', 'Children of Ruin (Children of Time #2)', 'https://i.gr-assets.com/images/S/compressed.photo.goodreads.com/books/1654469390l/41742154._SY475_.jpg',  'read', '4', 'TRUE', '2019-12-02 00:00:00', '2020-03-06 00:00:00'),
    ('21', 'Edgar Rice Burroughs', 'Pirates of Venus (Venus, #1)', 'https://i.gr-assets.com/images/S/compressed.photo.goodreads.com/books/1644464721l/40372._SY475_.jpg',  'read', '4', 'FALSE', '2020-04-11 00:00:00', '2020-04-13 00:00:00'),
    ('22', 'Edgar Rice Burroughs', 'Lost on Venus (Venus, #2)', 'https://i.gr-assets.com/images/S/compressed.photo.goodreads.com/books/1537216037l/8687369._SY475_.jpg', 'read', '4', 'FALSE', '2020-04-19 00:00:00', '2020-04-25 00:00:00'),
    ('23', 'Edgar Rice Burroughs', 'Carson of Venus (Venus, #3)', 'https://i.gr-assets.com/images/S/compressed.photo.goodreads.com/books/1565558338l/1397224._SY475_.jpg',  'read', '5', 'FALSE', '2020-04-26 00:00:00', '2020-04-27 00:00:00'),
    ('24', 'Diana Wynne Jones', 'Howl''s Moving Castle ', 'https://i.gr-assets.com/images/S/compressed.photo.goodreads.com/books/1630502935l/6294._SX318_.jpg',  'read', '4', 'FALSE', '2020-04-13 00:00:00', '2020-04-19 00:00:00'),
    ('25', 'Alain de Botton', 'The School of Life: An Emotional Education', 'https://i.gr-assets.com/images/S/compressed.photo.goodreads.com/books/1568273715l/43264830._SY475_.jpg',  'read', '3', 'FALSE', '2020-04-22 00:00:00', '2020-05-05 00:00:00'),
    ('26', 'Hugh Howey', 'Wool (Silo #1)', 'https://i.gr-assets.com/images/S/compressed.photo.goodreads.com/books/1388173481l/18626815.jpg', 'read', '5', 'FALSE', '2020-04-25 00:00:00', '2020-05-02 00:00:00'),
    ('27', 'Eleanor Catton', 'The Luminaries', 'https://i.gr-assets.com/images/S/compressed.photo.goodreads.com/books/1382431332l/18709559.jpg', 'read', '4', 'FALSE', '2020-05-03 00:00:00', '2020-05-14 00:00:00'),
    ('28', 'Elizabeth Macneal', 'The Doll Factory', 'https://i.gr-assets.com/images/S/compressed.photo.goodreads.com/books/1539359836l/38591165._SY475_.jpg', 'read', '5', 'FALSE', '2020-05-15 00:00:00', '2020-05-16 00:00:00'),
    ('29', 'Kate Mosse', 'Labyrinth (Languedoc #1)', 'https://i.gr-assets.com/images/S/compressed.photo.goodreads.com/books/1546515370l/14975.jpg',  'read', '1', 'FALSE', '2020-05-16 00:00:00', '2020-05-19 00:00:00'),
    ('30', '', 'The Incarnations', 'https://i.gr-assets.com/images/S/compressed.photo.goodreads.com/books/1432498721l/23346714._SY475_.jpg',  'read', '5', 'FALSE', '2020-05-19 00:00:00', '2020-05-20 00:00:00'),
    ('31', 'Mary Robinette Kowal', 'The Calculating Stars', 'https://i.gr-assets.com/images/S/compressed.photo.goodreads.com/books/1539850192l/33080122.jpg', 'read', '2', 'FALSE', '2020-05-22 00:00:00', '2020-05-28 00:00:00'),
    ('32', 'Imogen Hermes Gowar', 'The Mermaid and Mrs. Hancock', 'https://i.gr-assets.com/images/S/compressed.photo.goodreads.com/books/1520864801l/37678008._SY475_.jpg', 'read', '5', 'FALSE', '2020-05-29 00:00:00', '2020-06-09 00:00:00'),
    ('33', 'Eckhart Tolle', 'Oneness With All Life', 'https://i.gr-assets.com/images/S/compressed.photo.goodreads.com/books/1388184151l/3822089.jpg',  'read', '4', 'FALSE', '2020-06-01 00:00:00', '2020-06-09 00:00:00'),
    ('34', 'Eckhart Tolle', 'Gateways to Now', 'https://i.gr-assets.com/images/S/compressed.photo.goodreads.com/books/1388337205l/379814.jpg', 'read', '5', 'FALSE', '2020-06-03 00:00:00', '2020-06-03 00:00:00'),
    ('35', 'David Wilcock', 'Awakening in the Dream: Contact with the Divine', 'https://i.gr-assets.com/images/S/compressed.photo.goodreads.com/books/1544481531l/33607641.jpg',  'read', '2', 'FALSE', '2020-06-11 00:00:00', '2020-06-21 00:00:00'),
    ('36', 'Gay Hendricks', 'Conscious Luck', 'https://i.gr-assets.com/images/S/compressed.photo.goodreads.com/books/1588108842l/51174980._SY475_.jpg',  'read', '3', 'FALSE', '2020-07-10 00:00:00', '2020-07-11 00:00:00'),
    ('37', 'Peter F. Hamilton', 'Salvation (Salvation Sequence #1)', 'https://i.gr-assets.com/images/S/compressed.photo.goodreads.com/books/1518190008l/34068552._SY475_.jpg',  'read', '3', 'FALSE', '2020-07-17 00:00:00', '2020-07-17 00:00:00'),
    ('38', 'Neale Donald Walsch', 'Conversations with god #1', 'https://i.gr-assets.com/images/S/compressed.photo.goodreads.com/books/1347930919l/864426.jpg',  'read', '5', 'FALSE', '2020-08-06 00:00:00', '2020-08-11 00:00:00'),
    ('39', 'Alain de Botton', 'Too Much and Never Enough', 'https://i.gr-assets.com/images/S/compressed.photo.goodreads.com/books/1592290619l/54114950._SY475_.jpg',  'read', '5', 'FALSE', '2020-08-11 00:00:00', '2020-09-02 00:00:00'),
    ('40', 'Karen Thompson Walker', 'The Dreamers', 'https://i.gr-assets.com/images/S/compressed.photo.goodreads.com/books/1533916399l/34409176._SY475_.jpg',  'read', '4', 'FALSE', '2022-02-16 00:00:00', '2022-02-18 00:00:00'),
    ('41', 'Christopher Paolini', 'To Sleep in a Sea of Stars', 'https://i.gr-assets.com/images/S/compressed.photo.goodreads.com/books/1583523112l/48829708.jpg',  'reading', '0', 'FALSE', '2022-04-18 00:00:00', null),
    ('42', 'Peter F. Hamilton', 'Salvation Lost (Salvation Sequence #2)', 'https://i.gr-assets.com/images/S/compressed.photo.goodreads.com/books/1573579704l/44020966._SY475_.jpg',  'to read', '0', 'FALSE', null, null),
    ('43', 'Neal Stephenson', 'Seveneves ', 'https://i.gr-assets.com/images/S/compressed.photo.goodreads.com/books/1449142000l/22816087.jpg',  'to read', '0', 'FALSE', '2021-11-28 00:00:00', '2021-12-29 00:00:00'),
    ('44', 'Fuse', 'That Time I Got Reincarnated as a Slime Light Novels, Vol. 10', 'https://i.gr-assets.com/images/S/compressed.photo.goodreads.com/books/1613061282l/55068139._SY475_.jpg',  'on hold', '0', 'FALSE', '2021-10-27 00:00:00', null),
    ('45', 'Sadhguru', 'Inner Engineering', 'https://i.gr-assets.com/images/S/compressed.photo.goodreads.com/books/1484851488l/29513878._SX318_.jpg',  'on hold', '0', 'FALSE', '2021-03-08 00:00:00', null),
    ('46', 'Brian Christian', 'Algorithms to Live By', 'https://i.gr-assets.com/images/S/compressed.photo.goodreads.com/books/1454296875l/25666050.jpg',  'on hold', '0', 'FALSE', null, null),
    ('47', 'Heather O''Neill', 'Hotel Lonely Hear', 'https://i.gr-assets.com/images/S/compressed.photo.goodreads.com/books/1484220080l/30201327._SY475_.jpg',  'on hold', '0', 'FALSE', null, null),
    ('48', 'Vadim Zeland', 'Reality Transurfing', 'https://i.gr-assets.com/images/S/compressed.photo.goodreads.com/books/1439736454l/23929658._SY475_.jpg',  'on hold', '0', 'FALSE', '2020-07-22 00:00:00', null),
    ('49', 'N.K. Jemisin', 'The Fifth Season (The Broken Earth, #1)', 'https://i.gr-assets.com/images/S/compressed.photo.goodreads.com/books/1386803701l/19161852.jpg',  'on hold', '0', 'FALSE', '2020-09-27 00:00:00', null),
    ('51', 'Axie Oh', 'The Girl Who Fell Beneath the Sea', 'https://i.gr-assets.com/images/S/compressed.photo.goodreads.com/books/1616788834l/56978100.jpg',  'read', '4', 'FALSE', '2022-03-16 00:00:00', '2022-03-21 00:00:00'),
    ('52', 'V.E. Schwab', 'The Invisible Life of Addie LaRue', 'https://i.gr-assets.com/images/S/compressed.photo.goodreads.com/books/1592947608l/51029810._SY475_.jpg',  'read', '5', 'TRUE', '2022-03-13 00:00:00', '2022-03-28 00:00:00'),
    ('53', 'Erin Morgenstern', 'The Starless Sea', 'https://i.gr-assets.com/images/S/compressed.photo.goodreads.com/books/1617715077l/43575115._SY475_.jpg',  'read', '2', 'FALSE', '2022-03-26 00:00:00', '2022-04-01 00:00:00'),
    ('54', 'Anthony Doerr', 'Cloud Cuckoo Land', 'https://i.gr-assets.com/images/S/compressed.photo.goodreads.com/books/1618589128l/56783258._SY475_.jpg',  'read', '5', 'FALSE', '2022-03-29 00:00:00', '2022-04-03 00:00:00'),
    ('55', 'Terry Pratchett ', 'The Long War', 'https://i.gr-assets.com/images/S/compressed.photo.goodreads.com/books/1368422103l/17167572.jpg',  'read', '3', 'FALSE', '2022-04-02 00:00:00', '2022-04-15 00:00:00'),
    ('56', 'Taylor Jenkins Reid', 'The Seven Husbands of Evelyn Hugo', 'https://i.gr-assets.com/images/S/compressed.photo.goodreads.com/books/1498169036l/32620332._SY475_.jpg',  'read', '5', 'TRUE', '2022-04-07 00:00:00', '2022-04-09 00:00:00'),
    ('57', 'Andy Weir', 'Project Hail Mary', 'https://i.gr-assets.com/images/S/compressed.photo.goodreads.com/books/1597695864l/54493401.jpg',  'read', '5', 'TRUE', '2022-04-10 00:00:00', '2022-04-16 00:00:00'),
    ('58', 'Lia Louis', 'Dear Emmi Blue', 'https://i.gr-assets.com/images/S/compressed.photo.goodreads.com/books/1579444175l/52761268.jpg',  'read', '5', 'FALSE', '2022-04-18 00:00:00', '2022-04-19 00:00:00'),
    ('59', 'Kate Clayborn', 'Love Lettering', 'https://i.gr-assets.com/images/S/compressed.photo.goodreads.com/books/1558904735l/44792512.jpg',  'read', '3', 'FALSE', '2022-04-22 00:00:00', '2022-04-23 00:00:00'),
    ('60', 'Jackie van Laren', 'Zin', 'https://i.gr-assets.com/images/S/compressed.photo.goodreads.com/books/1434053871l/25710707.jpg',  'read', '4', 'FALSE', '2022-04-23 00:00:00', '2022-05-05 00:00:00'),
    ('61', 'Adrian Tchaikovsky', 'Eyes of the Void', 'https://i.gr-assets.com/images/S/compressed.photo.goodreads.com/books/1641881897l/58950674._SY475_.jpg',  'to read', '0', 'FALSE', null, null),
    ('62', 'Jenny Tinghui Zhang', 'four treasures of the sky', 'https://i.gr-assets.com/images/S/compressed.photo.goodreads.com/books/1620715564l/55987334.jpg',  'to read', '0', 'FALSE', null, null),
    ('63', 'Marissa Meyer', 'Gilded', 'https://i.gr-assets.com/images/S/compressed.photo.goodreads.com/books/1614276588l/56614597.jpg',  'to read', '0', 'FALSE', null, null),
    ('64', 'Rebecca Scherm', 'A House Between Earth and the Moon', 'https://i.gr-assets.com/images/S/compressed.photo.goodreads.com/books/1627652371l/58661987.jpg',  'to read', '0', 'FALSE', null, null),
    ('65', 'Beth O''Leary', 'The No-Show', 'https://i.gr-assets.com/images/S/compressed.photo.goodreads.com/books/1637603058l/58678549.jpg',  'to read', '0', 'FALSE', null, null),
    ('66', 'Zoë Folbigg', 'The Note', 'https://i.gr-assets.com/images/S/compressed.photo.goodreads.com/books/1506041306l/35648195._SY475_.jpg',  'read', '4', 'FALSE', '2022-05-15 00:00:00', '2022-05-16 00:00:00'),
    ('67', 'Lee Min-jin', 'Pachinko', 'https://i.gr-assets.com/images/S/compressed.photo.goodreads.com/books/1501063789l/34335439._SY475_.jpg',  'read', '4', 'FALSE', '2022-06-21 00:00:00', '2022-06-30 00:00:00'),
    ('68', 'Stephen Baxter', 'World Engines: Destroyer', 'https://i.gr-assets.com/images/S/compressed.photo.goodreads.com/books/1556003457l/45276063._SX318_.jpg',  'reading', '0', 'FALSE', '2022-07-19 00:00:00', null);



insert into shelved_books(books_id, shelves_id)
values
    ('1', '1'),
    ('2', '1'),
    ('2', '2'),
    ('3', '2'),
    ('4', '1'),
    ('5', '11'),
    ('5', '2'),
    ('6', '2'),
    ('7', '2'),
    ('8', '2'),
    ('9', '3'),
    ('10', '4'),
    ('11', '5'),
    ('12', '2'),
    ('13', '2'),
    ('14', '2'),
    ('15', '6'),
    ('16', '6'),
    ('17', '6'),
    ('18', '7'),
    ('19', '2'),
    ('20', '2'),
    ('21', '2'),
    ('22', '2'),
    ('23', '2'),
    ('24', '8'),
    ('25', '9'),
    ('26', '2'),
    ('27', '1'),
    ('28', '1'),
    ('29', '8'),
    ('30', '8'),
    ('31', '1'),
    ('32', '1'),
    ('33', '3'),
    ('34', '3'),
    ('35', '3'),
    ('36', '9'),
    ('37', '2'),
    ('38', '3'),
    ('39', '12'),
    ('40', '2'),
    ('41', '2'),
    ('42', '2'),
    ('43', '2'),
    ('44', '6'),
    ('45', '3'),
    ('46', '4'),
    ('47', '1'),
    ('47', '11'),
    ('48', '3'),
    ('49', '1'),
    ('51', '8'),
    ('52', '10'),
    ('53', '10'),
    ('54', '2'),
    ('54', '1'),
    ('55', '2'),
    ('56', '11'),
    ('57', '2'),
    ('58', '11'),
    ('59', '11'),
    ('60', '11'),
    ('61', '2'),
    ('62', '1'),
    ('63', '8'),
    ('64', '2'),
    ('65', '11'),
    ('66', '11'),
    ('67', '1'),
    ('68', '2');


INSERT INTO logs(ID, content, date, mood, page, book_id)
VALUES
    (1,'<div><div><span style="font-size: 12px;"><b>A story about forgiving the past.</b></span></div><div><span style="font-size: 12px;"><b><br></b></span></div><div><span style="font-size: 12px;">I do not believe an audiobook was the best choice for this book. Though Tom Hanks as narrator is superb!</span></div><div><span style="font-size: 12px;"><br></span></div><div><span style="font-size: 12px;">The timelines jump so much, I felt slightly dizzy sometimes trying to wrap my brains around the narration. I believe in the book, I would have gotten those empty spaces to help. But here, there was a second between scene, making it seem it was still the same scene, just to fall into the actual one like jumping through dream scenes. It was wild.</span></div><div><span style="font-size: 12px;"><br></span></div><div><span style="font-size: 12px;">The story itself was nice, but it is more like an autobiography. For those complaining of no plot, you missed the story. The plot was always Daniel’s dreams, which all begun with his father and the Dutch House. The characters were good, but not amazing. The prose, though, the prose! The writing style is breathtaking, and I can see why so many people love this book. I can savor each word, and I am sad the library did not have the book available for me to read along.</span></div><div><span style="font-size: 12px;"><br></span></div><div><span style="font-size: 12px;">The plot progressed in random jumps... chapter ends, chapter start with first few lines with a new event. For a while I had the feeling Maeve and Celeste were in love before Maeve pushed her into Daniel. In the end, when all comes in full circle, it is truly a story about forgiveness at its very core. About how no one is exempt from mistakes and tragedy and that should not hold us from enjoying life, the way May always did. It feels May was the embodiment of the resolution. A clean slate for the family. Enjoying life, and not caring about the past, but about moving forward.</span></div></div><div><br></div>','2022-02-15 00:00:00','🙂',352,1),
    (2,'<div><div><span style="font-size: 12px;">&nbsp;Now this is the kind of story that drags me in!</span></div></div><div><br></div>','2022-03-13 00:00:00','😍',36,2),
    (3,'<div><div><span style="font-size: 12px;">I love this style so so so much!</span></div></div><div><br></div>','2022-03-15 00:00:00','😍',58,2),
    (4,'<div><div><span style="font-size: 12px;">Someone knew about the coins… that doesn''t make sense.</span></div></div><div><br></div>','2022-03-17 00:00:00','🤨',142,2),
    (5,'That was intense! I was feeling so disgusted 🤢','2022-03-17 00:00:00','🤢',209,2),
    (6,'<div><div><span style="font-size: 12px;"><h3><i>"Fossils put my memories into perspective. They tell me, I too, with my centuries of memory, am no more than the faintest shadow on the landscape of time."</i></h3></span></div></div>','2022-03-18 00:00:00','💬',232,2),
    (7,'<div><div><span style="font-size: 12px;">This is about embracing the now. WOW</span></div><div><span style="font-size: 12px;"><br></span></div><div><span style="font-size: 12px;">This is my kind of book.<b> A mix of Historical fiction and Scifi.</b> These were amazing characters. Incredible narration. Flowing prose, just so gentle and dreamy.</span></div><div><span style="font-size: 12px;">The reason for the memories was unexpected and certainly the end, and what they did with Halley’s eggs was something I was not expecting. Which is something not all books can give me lately. I love love loved this book so much. The adventures, the journey, I felt like I lived them myself. The beauty of the now in contrast to the memories. Memories are but a tool in the end, not something to make you feel despair or rage, or joy. But a tool to help you survive in the future and help you realize the beauty of the now.</span></div></div><div><br></div>','2022-03-18 00:00:00','😍',288,2),
    (8,'<div><ul><li><span style="font-size: 12px;">19/2 Starts with Sid and his partner Ian solving a murder crime. Sid sounds old, tired from jokes and very empathic. Same night, the murder of one of the clones.</span></li><li><span style="font-size: 12px;">20/2 kids 8 &amp; 6. Small house to big house. Jacinta, a health hobbyist.</span></li><li><span style="font-size: 12px;">-Zone room?</span></li><li><span style="font-size: 12px;">Economy : bio-oil</span></li><li><span style="font-size: 12px;">Berlin seems to be the capital of government. One of the clones lives around Jupiter, another on earth. The Agustine family on st libra. The clone dead is probably a Jupiter one.&nbsp;</span></li></ul></div>','2022-02-21 00:00:00',NULL,0,3),
    (9,'<div><div><ul><li><span style="font-size: 12px;"><b>Vance</b>, typical male arch. Berlin investigator. Involved in previous case. Seems like a good guy.&nbsp;</span></li><li><span style="font-size: 12px;">Zanth? Aliens?&nbsp;</span></li><li><span style="font-size: 12px;"><b>Angela </b>- one in ten : one bio year every ten, slow aging. Which means she''s 200 years old.&nbsp; That means they could live for thousands of years under natural circumstances.&nbsp;</span></li></ul></div></div><div><br></div>','2022-02-22 00:00:00',NULL,0,3),
    (10,'<div><div><span style="font-size: 12px;">14 victims 20 years ago from same kind of death, witnessed by Angelica</span></div></div><div><br></div>','2022-02-23 00:00:00',NULL,64,3),
    (11,'<div><div><span style="font-size: 12px;">Clayton 2North and Rebka</span></div><div><span style="font-size: 12px;"><br></span></div><div><span style="font-size: 12px;">Tuesday 15 Jan 2143 : previous victim, Bartram North and family</span></div></div><div><br></div>','2022-03-12 00:00:00',NULL,73,3),
    (12,'<div><div><span style="font-size: 12px;">still busy with the investigation. Lots of details… reminds me why I don’t like detective movies. But curious about where it will lead. I want them to start the alien expedition already!</span></div></div><div><br></div>','2022-07-21 00:00:00',NULL,215,3),
    (13,'<div><span style="font-size: 12px;">So there is a fake North replacing the dead North. But why dump the body instead of burning? It sounds too stupid and on purpose. And I just read the back of the book... Sounds like horror scifi, my last fav. sub genre.&nbsp;</span><br></div>','2022-07-25 00:00:00',NULL,240,3),
    (14,'<div><div><span style="font-size: 12px;">It starts slooowww, the whole first part is the MC in the maternity room. The dialog style is annoying. I keep having to go back to reread it after I know who spoke and if out loud or in thoughts.</span></div><div><span style="font-size: 12px;"><br></span></div><div><span style="font-size: 12px;">The concept itself makes me keep reading to see where it goes.</span></div></div><div><br></div>','2022-03-08 00:00:00',NULL,0,4),
    (15,'<div><div><span style="font-size: 12px;">That was very, very, very unexpected. Nothing against it. It is lovely. But I have the feeling most Historical Fiction books I''ve been reading lately are all homosexual couples... I kind of like daydreaming with straights... since I am... happy for the characters but leaves me with no daydreaming topic hahaha</span></div></div>','2022-03-11 00:00:00',NULL,295,4),
    (16,'<div><div><span style="font-size: 12px;">Interesting plot, lovely main female character.&nbsp;</span></div><div><span style="font-size: 12px;"><br></span></div><div><span style="font-size: 12px;">Male lead is a bit annoying... too fast, too hard, too cheesy and pukey.&nbsp;</span></div><div><span style="font-size: 12px;">MC is confused. Does he die for helping her or not???? (look for the quotes)</span></div><div><span style="font-size: 12px;"><br></span></div><div><span style="font-size: 12px;">FC being bi felt very random and forced, as if to market the book as diverse. I hate that. I enjoy diversity where diversity fits, where it fits the story. Else, why bother mentioning it? Characters just like us can have their own inner secret world.</span></div><div><span style="font-size: 12px;"><br></span></div><div><span style="font-size: 12px;"><i>“Hey, here is a love story of a girl and an alien, who is male, but don’t hate me for liking heterosexual romance! She’s bi!”</i></span></div></div><div><br></div>','2022-03-08 00:00:00',NULL,0,5),
    (17,'<div><div><span style="font-size: 12px;">ok.... now I am reading out of curiosity. But it is a bit annoying to read. The “big guys” sound all retarded, believing every bad lie from the ML. The <i>"I''m so inclusive, even my aliens are nonbinary"</i> in-your-face thing is becoming too much. And I did not miss all the melodramatic and raging teen hormones... I think this will be my last YA. <b>I''m too old for this.</b></span></div></div>','2022-03-15 00:00:00',NULL,167,5),
    (18,'<div><div><span style="font-size: 12px;">This is the most cheesy, over the top teenage love, hyper inclusivity thing I''ve ever read.</span></div><div><span style="font-size: 12px;"><br></span></div><div><span style="font-size: 12px;">It started promising. But it became so much I could not handle it. It took me a few days to finish the last 50 pages... but I needed to finish it out of curiosity.&nbsp;</span></div><div><span style="font-size: 12px;"><br></span></div><div><span style="font-size: 12px;">The Allister part was what I was hoping for. It felt I was reading a romance fanfic with K-pop and aliens.&nbsp;</span></div></div><div><br></div>','2022-03-26 00:00:00','🤮',304,5),
    (19,'<div><div><span style="font-size: 12px;">The main character is annoying. The whole way. We should count how many times the word Asshole appears in the book.</span></div><div><span style="font-size: 12px;">What kept me reading is the theme.</span></div><div><span style="font-size: 12px;">A lot of things seem to happen at random, so much in one go, but it is entertaining. It plays like&nbsp; a movie in my head. Or a miniseries considering the length.</span></div><div><span style="font-size: 12px;">What a crazy rideeeeeeeee</span></div></div><div><br></div>','2022-03-08 00:00:00','😮',336,6),
    (20,'<div><span style="font-size: 12px;">It is sooo weird and condescending with criticizing every single element of modern society. Even things that should be logical. If they study life on other planets, they should know all life is different. This shows the "aliens" as stupid ATM... and that annoys me. But I am intrigued. The writing is good. It is just the character... so annoying.</span></div>','2022-02-21 00:00:00','😑',100,7),
    (21,'<div><div><span style="font-size: 12px;">It''s getting a bit better.</span></div></div>','2022-02-23 00:00:00','😑',150,7),
    (22,'<div><div><span style="font-size: 12px;">Entertaining but not amazing. Like TV in a tired night.</span></div></div><div><br></div>','2022-02-24 00:00:00','😮',290,7),
    (23,'<div><div><span style="font-size: 12px;">Wow. Loved the narration. Was sad for some characters, :( was sad for humanity. There is something about end of times books that just triggers me to embrace this moment because one day we will be gone.</span></div></div>','2021-07-08 00:00:00','🤩',602,12),
    (24,'<div><div><span style="font-size: 12px;">Got too technical and no plot... I could not read naother word about the secret weapons program.</span></div></div><div><br></div>','2021-08-07 00:00:00','😑',100,13),
    (25,'<div><div><span style="font-size: 12px;">Nop. not going to finish it. It is so much science and so little story... I am sure that without the science, it would have been one of his many short stories.</span></div></div><div><br></div>','2021-08-07 00:00:00','❌',110,13),
    (26,'<div><div><span style="font-size: 12px;">Thought I might not like it. Started it years ago. No. But now, it was what I was looking for. Sometimes it''s not the book, it''s the timing.</span></div></div>','2021-08-23 00:00:00',NULL,518,14),
    (27,'<div><div><span style="font-size: 12px;"> I knew it! Since page one. This is why I don''t read these kind of books. It was entertaining. But predictable.</span></div></div>','2022-02-10 00:00:00',NULL,0,18),
    (28,'<div><div><span style="font-size: 12px;"> I knew it! But I''m not convinced. This is good!</span></div></div>','2022-02-10 00:00:00',NULL,217,18),
    (29,'<div><div><span style="font-size: 12px;"> ok.... now she''s just dragging it and I''m starting to hate her. She''s stupid.</span></div></div>','2022-02-10 00:00:00',NULL,278,18),
    (30,'<div><div><span style="font-size: 12px;"> At this rate I of classify this as erotica... Wtf. Fun though. last 4th of the book got repetitive. the rest highly entertaining.</span></div></div>','2022-04-26 00:00:00',NULL,0,60),
    (31,'<div><div><span style="font-size: 12px;"> I am loving Eliot so so so much!</span></div></div>','2022-04-19 00:00:00','😍',0,58),
    (32,'<div><div><span style="font-size: 12px;"> “Do you know why I like storms?” says Louise as my fingers reach for the switch. “They’re a little reminder that we’re not at all in charge, but mother nature is. And while the world might not look exactly how we’d prefer it to, it is enough, if we just atop and look: the whole sky lit up; the smell of the rain; safe inside. What more could you need?”</span></div></div>','2022-04-19 00:00:00','😍',221,58),
    (33,'<div><div><span style="font-size: 12px;"> ahhh I can replay that scene in my head over and over again! (dancing kiss)</span></div></div>','2022-04-19 00:00:00','😍',0,58),
    (34,'<div><div><span style="font-size: 12px;"> Funny how it is, how it was written about destiny and when destiny says “not just yet”. My heart went all puffy! Glad I found this after I had a similar dream hahahaha I actually started to read it because I wanted to see how the dream ended, and this book was exactly that feeling!</span></div></div>','2022-04-19 00:00:00','😍',0,58),
    (35,'<div><div><span style="font-size: 12px;"> Super interesting concept of the space algae. And the science is very simple to explain, justified by him being a middle school science teacher AND he is very much my type of character! 😀 Finally making progress on this and loving the characters! I can see why Weir''s writing is so popular.</span></div></div>','2022-04-13 00:00:00','😃',100,57),
    (36,'<div><div><span style="font-size: 12px;"> I''m giggling already by page 5 with this character. This is going to be a good book 😂</span></div></div>','2022-04-10 00:00:00','😂',18,57),
    (37,'<div><div><span style="font-size: 12px;"> Finally a book with an alien with the same level of curiosity! ♥ Loving this so so much!</span></div></div>','2022-04-13 00:00:00','😍',182,57),
    (38,'<div><div><span style="font-size: 12px;"> That actually teared me up 😔</span></div></div>','2022-04-13 00:00:00','😔',235,57),
    (39,'<div><div><span style="font-size: 12px;"> Nooooooo 😭☹️☹️☹️</span></div></div>','2022-04-15 00:00:00','😭',325,57),
    (40,'<div><div><span style="font-size: 12px;"> OMG OMG OMG! That is what I call a happy ending! Though, I am left curious as to what happened at Earth. They must have worked it out, else it wouldn''t have seceded. But this book was simply EPIC!</span></div></div>','2022-04-16 00:00:00','🤩',476,57),
    (41,'<div><div><span style="font-size: 12px;"> I could barely read the last 40 pages due to tears getting on the way. 💔❤️</span></div></div>','2022-04-09 00:00:00','😭',389,56),
    (42,'<div><div><span style="font-size: 12px;"> this reminds me of Cloud Atlas, ha, even the name!</span></div></div>','2022-03-29 00:00:00',NULL,15,54),
    (43,'<div><div><span style="font-size: 12px;"> "⌛🚀 Argos - mission year 65, day 307 v1 -⌛🅿 lakeport lib - fen 20 2020 / zeno 80 yo - children in school trip for the book/ Seymor - terrorist with bomb for library, but he waits for it to be empty. so, to destroy something? But the play is in rehearsal, does he know?"</span></div></div>','2022-03-29 00:00:00',NULL,30,54),
    (44,'<div><div><span style="font-size: 12px;"> “Almost overnight, the streets glow with meaning.” (Oh to be a child again and experience this magic once more. That is the magic of books. I get to remember, sometimes, if the character is right, what it was like for me)</span></div></div>','2022-03-29 00:00:00',NULL,51,54),
    (45,'<div><div><span style="font-size: 12px;"> “And when a book goes out of the world, the memory dies a second death”</span></div></div>','2022-03-29 00:00:00',NULL,52,54),
    (47,'<div><div><span style="font-size: 12px;">  "⏳🧮 constantinople 1439-1452 👧🏻 Anna - needleworker - 7 yo - learns to read thanks to Licinius, an old man sick and dying. Her sister Maria dies because of her stories. 👦🏻 Omeir - born with cleft palate - his grandfather teaches him to dream, then sends him with soldiers to his own adventure, like Anna’s Ulyses. 🤔 Maybe this is how they will connect?"</span></div></div>','2022-03-29 00:00:00',NULL,70,54),
    (48,'<div><div><span style="font-size: 12px;">  Konstanse - far future, father tells her the story of Antonius with the name Aethon. The witch turns into an owl. // Earth''s destruction, starts with an owl? "Owls : Owls represent wisdom, knowledge, change, transformation, intuitive development, and trusting the mystery. They are tied to the spiritual symbolism of “death” which brings about new beginnings with a higher understanding and evolved perspective. Owls can show up when you are being asked to listen to your intuition. (it seems the whole book can be summarized with this symbolism) enjoying it so far!" </span></div></div>','2022-03-29 00:00:00',NULL,110,54),
    (49,'<div><div><span style="font-size: 12px;"> Seymour just wanted to make a statement. Not kill. </span></div></div>','2022-03-30 00:00:00',NULL,0,54),
    (50,'<div><div><span style="font-size: 12px;"> Anna finds old books and male money selling them for her sister is going blind.</span></div></div>','2022-03-30 00:00:00',NULL,0,54),
    (51,'<div><div><span style="font-size: 12px;"> Starting to get a bit slow with repetitive narration of Omeir and Anna. I’m hoping it gets better.</span></div></div>','2022-03-30 00:00:00',NULL,0,54),
    (52,'<div><div><span style="font-size: 12px;"> Sometimes it''s boring as hell. Sometimes I''m staring at the pages as if I''m famished for more. Still enjoying it regardless of those pages of just descriptions. Though they do add to the characters, that''s the whole point. But I have to drag myself to get to the parts I like.</span></div></div>','2022-03-30 00:00:00',NULL,244,54),
    (53,'<div><div><span style="font-size: 12px;"> This book is about a story that contains the whole world as seen from above? Anna and omeir are on contrasting sides of the fall of Constantinople, which later becomes instanbul. Anna in the future is shown this city as they tell her she will die in the ship as all of them. It''s a generational ship. Still 5 generations to go.</span></div></div>','2022-03-31 00:00:00',NULL,244,54),
    (54,'<div><div><span style="font-size: 12px;"> a pleasure, everyone dies? A seed. A wild seed. The destruction of the owl, symbolism?</span></div></div>','2022-03-31 00:00:00',NULL,296,54),
    (55,'<div><div><span style="font-size: 12px;"> Starting to get interesting, but it feels more like separate short stories than one connected one. Only the story connects them, but nothing else. It saves them, but doesn''t influence them. Except maybe Konstantin.</span></div></div>','2022-03-31 00:00:00',NULL,309,54),
    (56,'<div><div><span style="font-size: 12px;"> Ok, I''m hooked. Except Zeno... I don''t like those characters.</span></div></div>','2022-04-01 00:00:00',NULL,350,54),
    (57,'<div><div><span style="font-size: 12px;"> That was a surprising and beautiful ending.</span></div></div>','2022-04-03 00:00:00',NULL,626,54),
    (58,'<div><div><span style="font-size: 12px;">"REVIEW It seems everyone connected to different characters. I loved them all except Zeno, even though he was the most important one towards the end. The whole idea felt like poetry to me. Like a concept, displayed in the whole book. Unable to explain it without having to read the book. The owl was the symbolism for stories and wisdom accross the ages. The evolution of Seymor was perfect. He wanted to give something back to the children he took Zeno from. So he gave them the books, single enditions. Hence they are not in Atlas. Though that part was weird. He was in charge of Atlas and the book was not there? That does not make sense. But I loved the second half of the book. I am glad I dragged through the first. Ana and Omeir’s story sound super similar to “All the Lights we cannot see”."</span></div></div>','2022-04-03 00:00:00',NULL,626,54),
    (59,'<div><div><span style="font-size: 12px;">I kind of identify to the whole RPG philosophic discussion. It all sounds like an intro for a Western-made isekai.</span></div></div>','2022-03-27 00:00:00',NULL,0,53),
    (60,'<div><div><span style="font-size: 12px;">The imagery is so beautiful, the rythm flows like a song. I''m in love with every word so far 💕</span></div></div>','2022-03-20 00:00:00',NULL,60,52),
    (61,'<div><div><span style="font-size: 12px;">the first mark she left upon the world, long before she knew the truth, that ideas are so much wilder than memories, that they long and look for ways of taking root. // so that is why she keeps trying to compose that song through Tom</span></div></div>','2022-03-21 00:00:00',NULL,80,52),
    (62,'<div><div><span style="font-size: 12px;">enjoying how she''s inspiring art in people, as a way to leave a mark. But I''m confused... After 300 years, I would be waiting by the door of the man who remember her after closing the door.</span></div></div>','2022-03-23 00:00:00',NULL,150,52),
    (63,'<div><div><span style="font-size: 12px;">Every scene is just so beautiful.</span></div></div>','2022-03-26 00:00:00',NULL,365,52),
    (64,'<div><div><span style="font-size: 12px;">Savouring this now. I''m enjoying Addie’s and Luc’s dynamic a lot more than Henry... Wonder what does that say about me.</span></div></div>','2022-03-27 00:00:00',NULL,450,52),
    (65,'<div><div><span style="font-size: 12px;">Loved how this ended. Loved how it continues. My dear heart. This is so beautiful in afraid of the last pages. 😔 It''s going to break my bookworm heart 💔</span></div></div>','2022-03-28 00:00:00',NULL,500,52),
    (66,'<div><div><span style="font-size: 12px;">This was so so beautiful. It was the kind of writing style I always envisioned to have. The kind of writing style which drags you, word y word, filling every inch of your lungs, until it leaves you breathless. For a moment, I wanted Luc to be real, real love, for a moment, I believed he was. And even with that ending, I still wish, part of me hopes, he still is. Even though realistically, he’s not. And I guess that was the whole point, that was the enchantment Schwab instilled upon us with her beautiful, calculated prose. She bewitched us into thinking it was possible. And even though I root for Addie to win, part of me feels bad for Luc. And that is why this was such a good story.</span></div></div>','2022-03-28 00:00:00',NULL,560,52),
    (67,'<div><div><span style="font-size: 12px;">Shin is the sea god, this was so good! I had to stop working and close my eyes to savor the last hour.</span></div></div>','2022-03-21 00:00:00',NULL,336,51);
